{
  "service": "detexify",
  "top_k": 5,
  "samples_threshold": 50,
  "mappings": {
    "none": {
      "classes_number": 1077,
      "missing_classes_number": 107,
      "relevant_classes_number": 103,
      "accuracy": {
        "samples": 20000,
        "scores": [
          0.4433,
          0.64655,
          0.7399,
          0.79515,
          0.82995
        ]
      },
      "macro_recall": {
        "samples": 10951,
        "scores": [
          0.44867185,
          0.67475936,
          0.7738194,
          0.83319254,
          0.86990689
        ]
      }
    },
    "strict-0": {
      "classes_number": 1044,
      "missing_classes_number": 107,
      "relevant_classes_number": 104,
      "accuracy": {
        "samples": 20000,
        "scores": [
          0.4884,
          0.6828,
          0.7671,
          0.8134,
          0.8439
        ]
      },
      "macro_recall": {
        "samples": 11626,
        "scores": [
          0.50482127,
          0.7171674,
          0.80606077,
          0.85804092,
          0.89098886
        ]
      }
    },
    "similar-0": {
      "classes_number": 912,
      "missing_classes_number": 100,
      "relevant_classes_number": 110,
      "accuracy": {
        "samples": 20000,
        "scores": [
          0.5933,
          0.76645,
          0.83,
          0.86095,
          0.8789
        ]
      },
      "macro_recall": {
        "samples": 13302,
        "scores": [
          0.61959591,
          0.81039405,
          0.87566301,
          0.9079804,
          0.92554604
        ]
      }
    }
  }
}